BridgeLoc, leg count, bounding angle, ntn length, wire_width, nStiffness,,,
0,6,32.74330346,0.900000013,0.02908835,6.84E-05,0.677925624,0.674106288,0.335755272
1,6,31.56250149,1.01797899,0.02792211,5.95E-05,0.67174289,0.668570247,0.333301995
2,6,36.29733678,0.968423382,0.022091185,1.99E-05,0.670807898,0.668048908,0.333038709
4,6,33.25961634,0.90000001,0.027364434,5.43E-05,0.6772849,0.673714991,0.335558569
5,6,32.80844948,0.985180212,0.028525934,5.81E-05,0.672634075,0.669464639,0.333652822
6,6,33.11922724,0.900000013,0.026305317,4.90E-05,0.677456542,0.673816902,0.335610035
8,6,41.55835056,0.968423382,0.01,1.46E-06,0.667479214,0.665393502,0.331906812
9,6,32.11077021,0.996028822,0.022744434,3.16E-05,0.672649104,0.669367927,0.33364381
10,6,35.56014896,0.90000001,0.015719399,8.66E-06,0.67491703,0.672041532,0.334786224
11,6,34.70900907,0.985180212,0.015175733,7.70E-06,0.671068119,0.66820208,0.333079274
12,6,34.71862505,0.900000013,0.015337482,8.77E-06,0.67566498,0.672706067,0.335067878
13,6,34.51695966,1.01797899,0.020294848,1.75E-05,0.66941109,0.666798371,0.332463519
14,6,34.48460612,0.968423382,0.020094142,1.80E-05,0.672183956,0.669308143,0.333535484
16,6,30.00000002,0.90000001,0.03,9.73E-05,0.6815593,0.6769879,0.337135
17,6,30.02803445,0.985180212,0.029714529,8.59E-05,0.675417488,0.671815016,0.334600285
18,6,34.47241791,0.900000013,0.021306473,2.32E-05,0.675913233,0.672882008,0.335148597
19,6,40.0473965,1.01797899,0.01,1.52E-06,0.666076155,0.664097174,0.331359281
21,6,31.54837551,0.996028822,0.025415305,4.63E-05,0.673160283,0.669818034,0.333823965
22,6,32.59405463,0.90000001,0.02529006,4.60E-05,0.678114853,0.674229623,0.335816464
23,6,30.97623649,0.985180212,0.029133916,7.40E-05,0.674400628,0.670968273,0.334264723
24,6,32.10080108,0.900000013,0.03,7.97E-05,0.678747777,0.674678783,0.336035119
25,6,31.6129657,1.01797899,0.023045211,3.37E-05,0.671700108,0.668537217,0.333289394
26,6,32.59033078,0.968423382,0.029163019,6.45E-05,0.673742916,0.670614509,0.334088583
27,6,32.58890381,0.996028822,0.028957539,6.13E-05,0.672225861,0.66901333,0.333492499
28,6,33.3943935,0.90000001,0.02558902,4.40E-05,0.677122249,0.673619503,0.335510334
29,6,30.38916363,0.985180212,0.03,8.54E-05,0.67502421,0.671494918,0.334472656
30,6,30.00000002,0.900000013,0.03,9.73E-05,0.6815593,0.6769879,0.337135
31,6,31.44332897,1.01797899,0.025392787,4.55E-05,0.671844599,0.668648691,0.333331664
33,6,37.49376895,0.996028822,0.013037016,3.83E-06,0.668552658,0.666053526,0.332254547
35,6,32.73355315,0.985180212,0.017381463,1.38E-05,0.672701192,0.669518534,0.333676611
36,6,31.44391276,0.900000013,0.029766465,8.30E-05,0.679610837,0.675357742,0.33635955
38,6,30.00000006,0.968423382,0.03,9.02E-05,0.676606898,0.672907424,0.335015081
39,6,35.893896,0.996028822,0.019815979,1.46E-05,0.669611752,0.666934041,0.332562648
40,6,35.47176914,0.90000001,0.01761858,1.21E-05,0.674989003,0.672115755,0.33481629
41,6,33.49556772,0.985180212,0.019803994,1.87E-05,0.672038194,0.668993814,0.333438206
45,6,41.56681778,0.996028822,0.01,1.44E-06,0.666364638,0.664268135,0.331435143
46,6,33.84013298,0.90000001,0.019343703,1.86E-05,0.676600983,0.673313965,0.335357104
48,6,33.35706554,0.900000013,0.027794064,5.63E-05,0.677167072,0.673645744,0.335523585
49,6,33.15037688,1.01797899,0.028681277,5.50E-05,0.670447662,0.667590679,0.332870786
50,6,34.38882945,0.968423382,0.018953529,1.53E-05,0.67225599,0.669371337,0.333561855
52,6,32.45732806,0.90000001,0.029792282,7.54E-05,0.678289193,0.674347711,0.335874543
53,6,31.88021602,0.985180212,0.03,7.38E-05,0.673494021,0.670183136,0.333954666
54,6,38.90431607,0.948921763,0.016434236,6.88E-06,0.669904224,0.66744116,0.332772065
55,6,33.09896125,0.960135826,0.018465774,1.63E-05,0.67373632,0.670726507,0.334120022
56,6,32.92122629,0.955644056,0.021817643,2.71E-05,0.67414572,0.671116108,0.334277139
57,6,32.39678012,1.018152141,0.021514233,2.55E-05,0.671041552,0.668031957,0.333082587
58,6,33.28888126,0.900000001,0.022729337,3.14E-05,0.677249404,0.673694082,0.335548004
59,6,30.5041627,0.973617897,0.03,8.55E-05,0.675667195,0.672115565,0.334699789
62,6,39.4407457,0.948921763,0.012338009,2.94E-06,0.669544854,0.667208696,0.332665529
64,6,31.92874159,0.955644056,0.027691459,6.00E-05,0.675162168,0.671904168,0.334600968
65,6,31.72735931,1.018152141,0.027962193,5.88E-05,0.671592358,0.668453748,0.333256586
66,6,34.98221653,0.900000001,0.012046375,4.34E-06,0.675413751,0.672509067,0.334980809
69,6,34.69619135,0.902470658,0.010008354,2.70E-06,0.675545813,0.672610288,0.335015599
71,6,37.08678119,0.960135826,0.018118917,1.05E-05,0.670639223,0.667917924,0.332988557
72,6,33.91617104,0.955644056,0.019485991,1.77E-05,0.673321086,0.67042929,0.333994251
73,6,31.11860714,1.018152141,0.029569746,7.36E-05,0.672115423,0.668855597,0.333407851
74,6,30.00000001,0.900000001,0.03,9.73E-05,0.6815593,0.6769879,0.337135
75,6,33.50138697,0.973617897,0.01,2.78E-06,0.672663012,0.669654258,0.333693534
76,6,35.40697292,0.94090248,0.0194006,1.53E-05,0.672954899,0.670201498,0.333914929
79,6,34.67518287,0.960135826,0.017986445,1.29E-05,0.672503962,0.669667557,0.333682413
82,6,37.78611549,0.900000001,0.011548699,2.96E-06,0.673247714,0.670188693,0.33405042
84,6,35.39258338,0.94090248,0.016570423,9.74E-06,0.672966456,0.670212902,0.333919487
85,6,32.86117933,0.902470658,0.027693061,5.83E-05,0.677610113,0.673892117,0.33563952
86,6,31.45536038,0.948921763,0.029956782,7.98E-05,0.676146285,0.672711446,0.334936926
87,6,35.01905067,0.960135826,0.022547223,2.41E-05,0.672245104,0.669430407,0.333586966
88,6,39.76235441,0.955644056,0.012336184,2.86E-06,0.669029911,0.666780173,0.332478827
90,6,31.8490584,0.900000001,0.028647874,7.13E-05,0.679075675,0.674929927,0.336155578
92,6,35.77205082,0.94090248,0.017135229,1.03E-05,0.672661111,0.669906001,0.333797093
94,6,40.20185102,0.948921763,0.01,1.58E-06,0.669056762,0.666872586,0.332516388
97,6,34.26201765,1.018152141,0.019452339,1.58E-05,0.669587486,0.666938935,0.332532929
98,6,32.118225,0.900000001,0.028937034,7.15E-05,0.678725206,0.674661887,0.336026983
99,6,30.9398267,0.973617897,0.028353097,6.94E-05,0.675174364,0.671713087,0.334539621
100,6,30.44580969,0.94090248,0.03,8.91E-05,0.677975958,0.674155006,0.335562847
101,6,36.18673257,0.902470658,0.020601491,1.77E-05,0.674300886,0.671388938,0.334514778
103,6,32.59644845,0.960135826,0.029549552,6.77E-05,0.674196449,0.671100114,0.334274134
104,6,30.96051585,0.955644056,0.03,8.35E-05,0.676312609,0.672780621,0.334955477
105,6,32.37384534,1.018152141,0.027769101,5.40E-05,0.67106016,0.668046019,0.333088798
106,6,32.84116953,0.900000001,0.026151415,4.95E-05,0.677802344,0.67402825,0.335716303
107,6,33.35547696,0.973617897,0.028225911,5.40E-05,0.672783921,0.669753642,0.333736965
108,6,33.0539342,0.94090248,0.02601318,4.55E-05,0.67489246,0.671838731,0.334586481
109,6,35.47593819,0.902470658,0.020370314,1.84E-05,0.674850694,0.672001703,0.334757252
